{
  "project_info": {
    "project_number": "229796278181",
    "firebase_url": "https://diseasediagnosis-a4143-default-rtdb.europe-west1.firebasedatabase.app",
    "project_id": "diseasediagnosis-a4143",
    "storage_bucket": "diseasediagnosis-a4143.appspot.com"
  },
  "client": [
    {
      "client_info": {
        "mobilesdk_app_id": "1:229796278181:android:b64cb62c610ac561c1424c",
        "android_client_info": {
          "package_name": "com.erkan.diseaseDiagnosis"
        }
      },
      "oauth_client": [
        {
          "client_id": "229796278181-2685f2mc3ov4sbcbimtkn3qclin169l3.apps.googleusercontent.com",
          "client_type": 1,
          "android_info": {
            "package_name": "com.erkan.diseaseDiagnosis",
            "certificate_hash": "42e7576471607ee19c8c7570e89f388648c7fb37"
          }
        },
        {
          "client_id": "229796278181-rgl2qds6pge9hu3j55ddhkc5l3ots7r3.apps.googleusercontent.com",
          "client_type": 3
        }
      ],
      "api_key": [
        {
          "current_key": "AIzaSyDFmNyi6aNvBwJXySjUhJq6IrxKxgKWXMI"
        }
      ],
      "services": {
        "appinvite_service": {
          "other_platform_oauth_client": [
            {
              "client_id": "229796278181-rgl2qds6pge9hu3j55ddhkc5l3ots7r3.apps.googleusercontent.com",
              "client_type": 3
            }
          ]
        }
      }
    }
  ],
  "configuration_version": "1"
}